{"cameraMode":{"drawMode":0,"name":"Shaded","section":"Shading Mode"},"sceneLighting":true,"audioPlay":false,"sceneViewState":{"m_AlwaysRefresh":false,"showFog":true,"showSkybox":true,"showFlares":true,"showImageEffects":true,"showParticleSystems":true,"showVisualEffectGraphs":true,"m_FxEnabled":true},"in2DMode":false,"pivot":{"x":0.9505295753479004,"y":1.1882842779159547,"z":-5.355656623840332},"rotation":{"x":-0.03419550880789757,"y":0.026625266298651696,"z":-0.001052124542184174,"w":-0.9993320107460022},"size":1.2020336389541627,"orthographic":false}