{"cameraMode":{"drawMode":0,"name":"Shaded","section":"Shading Mode"},"sceneLighting":true,"audioPlay":false,"sceneViewState":{"m_AlwaysRefresh":false,"showFog":true,"showSkybox":true,"showFlares":true,"showImageEffects":true,"showParticleSystems":true,"showVisualEffectGraphs":true,"m_FxEnabled":true},"in2DMode":false,"pivot":{"x":-1.8129253387451172,"y":-1.725319504737854,"z":9.8637056350708},"rotation":{"x":0.045269522815942767,"y":-0.07118789851665497,"z":0.0031168824061751367,"w":0.9964936971664429},"size":9.863961219787598,"orthographic":false}